<?xml version="1.0" encoding="UTF-8"?>
<beans xmlns="http://www.springframework.org/schema/beans"
	xmlns:xsi="http://www.w3.org/2001/XMLSchema-instance" xmlns:p="http://www.springframework.org/schema/p"
	xmlns:tx="http://www.springframework.org/schema/tx" xmlns:context="http://www.springframework.org/schema/context"
	xsi:schemaLocation="
			http://www.springframework.org/schema/beans 
			http://www.springframework.org/schema/beans/spring-beans-3.0.xsd
			http://www.springframework.org/schema/tx 
			http://www.springframework.org/schema/tx/spring-tx-3.0.xsd
			http://www.springframework.org/schema/context
			http://www.springframework.org/schema/context/spring-context-3.0.xsd
	   		">

	<context:property-placeholder location="/WEB-INF/jdbc.properties" />

	<tx:annotation-driven transaction-manager="transactionManager" />

	<bean id="dataSource" class="com.mchange.v2.c3p0.ComboPooledDataSource"
		destroy-method="close" p:driverClass="com.mysql.jdbc.Driver"
		p:jdbcUrl="jdbc:mysql://localhost/mybatis-example" p:user="root" p:password="root"
		p:acquireIncrement="10" p:idleConnectionTestPeriod="60" p:maxPoolSize="100"
		p:maxStatements="50" p:minPoolSize="10" />

	<bean id="transactionManager"
		class="org.springframework.jdbc.datasource.DataSourceTransactionManager"
		p:dataSource-ref="dataSource" />
		

    <bean id="sqlSessionFactory" class="org.mybatis.spring.SqlSessionFactoryBean">
        <property name="dataSource" ref="dataSource" />
        <property name="configLocation" value="WEB-INF/sqlmap-config.xml" />
    </bean>

    <bean class="org.mybatis.spring.mapper.MapperScannerConfigurer">
        <property name="basePackage" value="com.tcs.dao" />
    </bean>
    
</beans>