<beans xmlns="http://www.springframework.org/schema/beans"
	xmlns:context="http://www.springframework.org/schema/context"
	xmlns:xsi="http://www.w3.org/2001/XMLSchema-instance"
	xmlns:mvc="http://www.springframework.org/schema/mvc"
	xmlns:util="http://www.springframework.org/schema/util"
	xmlns:tx="http://www.springframework.org/schema/tx"
	xmlns:p='http://www.springframework.org/schema/p'
	xmlns:cache="http://www.springframework.org/schema/cache"
	xmlns:aop="http://www.springframework.org/schema/aop"
	xsi:schemaLocation="http://www.springframework.org/schema/beans http://www.springframework.org/schema/beans/spring-beans.xsd
        http://www.springframework.org/schema/mvc http://www.springframework.org/schema/mvc/spring-mvc.xsd
        http://www.springframework.org/schema/util http://www.springframework.org/schema/util/spring-util.xsd
        http://www.springframework.org/schema/tx http://www.springframework.org/schema/tx/spring-tx.xsd
        http://www.springframework.org/schema/cache http://www.springframework.org/schema/cache/spring-cache.xsd
        http://www.springframework.org/schema/aop http://www.springframework.org/schema/aop/spring-aop.xsd
        http://www.springframework.org/schema/context http://www.springframework.org/schema/context/spring-context.xsd ">

	<mvc:annotation-driven />
	<context:component-scan base-package="com" />

	<bean id="viewResolver"
		class="org.springframework.web.servlet.view.InternalResourceViewResolver">
		<property name="viewClass" value="org.springframework.web.servlet.view.JstlView"/>
		<property name="prefix" value="/WEB-INF/jsp/" />
		<property name="suffix" value=".jsp" />
	</bean>

	<bean id="mySqlDataSource"
		class="org.springframework.jdbc.datasource.DriverManagerDataSource">
		<property name="driverClassName" value="#{appConfigProperties['database.driver.class']}" />
		<property name="url" value="#{appConfigProperties['database.jdbc.url']}" />
		<property name="username" value="#{appConfigProperties['database.user.name']}" />
		<property name="password" value="#{appConfigProperties['database.user.password']}" />
	</bean>

	<!-- <bean id="oracleDataSource" class="org.springframework.jdbc.datasource.DriverManagerDataSource"> 
		<property name="driverClassName" value="oracle.jdbc.driver.OracleDriver" 
		/> <property name="url" value="jdbc:oracle:thin:@localhost:1521:xe" /> <property 
		name="username" value="system" /> <property name="password" value="oracle" 
		/> </bean> -->

	<bean id="jdbcTemplate" class="org.springframework.jdbc.core.JdbcTemplate">
		<property name="dataSource" ref="mySqlDataSource" />
	</bean>

	<bean id="hibernateTemplate" class="org.springframework.orm.hibernate4.HibernateTemplate">
		<property name="sessionFactory" ref="sessionFactory" />
	</bean>

	<util:properties id="appConfigProperties" location="classpath:appconfig.properties" />

	<bean id="sessionFactory"
		class="org.springframework.orm.hibernate4.LocalSessionFactoryBean">
		<property name="dataSource" ref="mySqlDataSource" />
		<property name="hibernateProperties">
			<props>
				<prop key="hibernate.dialect">org.hibernate.dialect.MySQLDialect</prop>
				<prop key="hibernate.show_sql">true</prop>
				<prop key="hibernate.format_sql">true</prop>
				<prop key="hbm2ddl.auto">update</prop>
			</props>
		</property>
		<property name="annotatedClasses">
			<list>
				<value>com.domain.Student</value>
				<value>com.domain.Experiment_Type</value>
			</list>
		</property>
	</bean>

	<bean id="dataSource"
		class="org.springframework.jdbc.datasource.DriverManagerDataSource">
		<property name="driverClassName"
			value="#{appConfigProperties['database.driver.class']}" />
		<property name="url" value="#{appConfigProperties['database.jdbc.url']}" />
		<property name="username" value="#{appConfigProperties['database.user.name']}" />
		<property name="password"
			value="#{appConfigProperties['database.user.password']}" />
	</bean>

	<!-- Enable Transaction -->
	<tx:annotation-driven transaction-manager="transactionManager" />
	<bean id="transactionManager"
		class="org.springframework.orm.hibernate4.HibernateTransactionManager">
		<property name="sessionFactory" ref="sessionFactory" />
	</bean>
	
	<!-- Enabling Spring cache -->
    <cache:annotation-driven />
    <bean id='cacheManager' class='org.springframework.cache.ehcache.EhCacheCacheManager' p:cacheManager-ref='ehcache'/>
    <bean id='ehcache' class='org.springframework.cache.ehcache.EhCacheManagerFactoryBean' p:configLocation='classpath:ehcache.xml' p:shared='true'/>
    
    <!-- Enabling AspectJ AOP -->
    <aop:aspectj-autoproxy />
    <bean id="loggerAspect" class="com.logger.LoggerAspect" />

</beans>